MB171,Q0,35018199669932032,24,9.0617485,SCIAI3a+m14aTTG
MB171,Q0,34659892102959104,2,13.032598,SCIAI3a+m14aTTG
MB171,Q0,34248873484492801,34,6.968493,SCIAI3a+m14aTTG
MB171,Q0,33969579357114368,6,10.126289,SCIAI3a+m14aTTG
MB171,Q0,33918116471775234,60,5.7947474,SCIAI3a+m14aTTG
MB171,Q0,33502039069687808,59,5.7947474,SCIAI3a+m14aTTG
MB171,Q0,32207019846934528,19,9.4467535,SCIAI3a+m14aTTG
MB171,Q0,31171197924278272,17,9.4467535,SCIAI3a+m14aTTG
MB171,Q0,31040016859799552,28,9.036879,SCIAI3a+m14aTTG
MB171,Q0,30382369600966656,45,6.1938877,SCIAI3a+m14aTTG
MB172,Q0,33858020844769280,23,6.1865573,SCIAI3a+m14aTTG
MB172,Q0,33652931504902144,2,8.826551,SCIAI3a+m14aTTG
MB172,Q0,33262486736084993,1,9.209591,SCIAI3a+m14aTTG
MB172,Q0,31975056624062464,41,5.961307,SCIAI3a+m14aTTG
MB172,Q0,31772033255739394,48,5.8963766,SCIAI3a+m14aTTG
MB172,Q0,30835745090445312,49,5.8281183,SCIAI3a+m14aTTG
MB173,Q0,34601053865377792,10,7.569642,SCIAI3a+m14aTTG
MB173,Q0,33912235612962816,3,7.962581,SCIAI3a+m14aTTG
MB173,Q0,33591200384548864,25,6.752515,SCIAI3a+m14aTTG
MB173,Q0,32913972764090368,24,7.2647047,SCIAI3a+m14aTTG
MB173,Q0,32909248253927424,16,7.2696424,SCIAI3a+m14aTTG
MB173,Q0,32859067433091072,15,7.2726316,SCIAI3a+m14aTTG
MB173,Q0,32745171594518528,13,7.2745767,SCIAI3a+m14aTTG
MB173,Q0,32533910227259392,29,6.0486255,SCIAI3a+m14aTTG
MB173,Q0,32371151728549888,26,6.7426467,SCIAI3a+m14aTTG
MB173,Q0,32171011730317312,6,7.5745764,SCIAI3a+m14aTTG
MB173,Q0,32030362850820097,4,7.576868,SCIAI3a+m14aTTG
MB173,Q0,31795908563697665,73,5.4010315,SCIAI3a+m14aTTG
MB173,Q0,30814546289491968,1,8.265569,SCIAI3a+m14aTTG
MB173,Q0,30304917289701377,1,14.271481,SCIAI3a+m14aTTG
MB173,Q0,30187277313380353,35,5.449731,SCIAI3a+m14aTTG
MB173,Q0,29646421506396160,20,7.2696424,SCIAI3a+m14aTTG
MB173,Q0,29421879718580224,23,7.2647047,SCIAI3a+m14aTTG
MB174,Q0,33563770710134784,48,7.640741,SCIAI3a+m14aTTG
MB174,Q0,32975583323361281,33,8.374609,SCIAI3a+m14aTTG
MB174,Q0,32942556358639617,28,9.916718,SCIAI3a+m14aTTG
MB174,Q0,32676021039796224,72,6.3838005,SCIAI3a+m14aTTG
MB174,Q0,31905137689632768,54,7.2346745,SCIAI3a+m14aTTG
MB174,Q0,31249703530143744,59,6.688734,SCIAI3a+m14aTTG
MB174,Q0,30333733651353601,1,20.580671,SCIAI3a+m14aTTG
MB175,Q0,34326841435242496,6,5.7408557,SCIAI3a+m14aTTG
MB175,Q0,33281849484787713,45,4.9923754,SCIAI3a+m14aTTG
MB175,Q0,32800064774602752,29,5.677823,SCIAI3a+m14aTTG
MB175,Q0,32708560555089920,30,5.3808126,SCIAI3a+m14aTTG
MB175,Q0,32473716243828736,1,6.904784,SCIAI3a+m14aTTG
MB175,Q0,31443295708119040,2,6.2626624,SCIAI3a+m14aTTG
MB175,Q0,30092956492890112,7,5.6808124,SCIAI3a+m14aTTG
MB175,Q0,29954750107623424,33,5.060478,SCIAI3a+m14aTTG
MB175,Q0,29906726094376960,34,5.060478,SCIAI3a+m14aTTG
MB175,Q0,29487780815966209,3,5.7676773,SCIAI3a+m14aTTG
MB175,Q0,29039906990850048,38,4.9959154,SCIAI3a+m14aTTG
MB175,Q0,29019033059729408,54,4.9825044,SCIAI3a+m14aTTG
MB176,Q0,34835283132289025,8,5.0153017,SCIAI3a+m14aTTG
MB176,Q0,33716389734776833,12,4.999448,SCIAI3a+m14aTTG
MB176,Q0,33710981263663104,16,4.699448,SCIAI3a+m14aTTG
MB176,Q0,33668456532414465,1,5.599948,SCIAI3a+m14aTTG
MB176,Q0,33130537216385024,31,4.3562627,SCIAI3a+m14aTTG
MB176,Q0,32614443401613312,42,4.124547,SCIAI3a+m14aTTG
MB176,Q0,32413979238211584,4,5.424139,SCIAI3a+m14aTTG
MB176,Q0,32214328937553920,3,5.438953,SCIAI3a+m14aTTG
MB176,Q0,30656718866227200,2,5.7606297,SCIAI3a+m14aTTG
MB176,Q0,30284760563585024,85,3.956263,SCIAI3a+m14aTTG
MB176,Q0,29968837302558720,6,5.0389533,SCIAI3a+m14aTTG
MB176,Q0,29320283475148802,44,4.114921,SCIAI3a+m14aTTG
MB177,Q0,34777652820709378,58,5.333014,SCIAI3a+m14aTTG
MB177,Q0,34203690713882624,36,5.335306,SCIAI3a+m14aTTG
MB177,Q0,33803877874671616,33,5.336553,SCIAI3a+m14aTTG
MB177,Q0,33566024074792960,8,8.769559,SCIAI3a+m14aTTG
MB177,Q0,33128003307307008,1,18.04764,SCIAI3a+m14aTTG
MB177,Q0,31695351714947073,93,5.32808,SCIAI3a+m14aTTG
MB177,Q0,31583115214323712,15,6.02225,SCIAI3a+m14aTTG
MB177,Q0,30755221718171648,4,9.33462,SCIAI3a+m14aTTG
MB177,Q0,30525323766398976,26,5.456785,SCIAI3a+m14aTTG
MB177,Q0,29013126271733760,14,6.7202864,SCIAI3a+m14aTTG
MB177,Q0,29003942499188736,5,9.17513,SCIAI3a+m14aTTG
MB178,Q0,34998364021989376,42,8.309859,SCIAI3a+m14aTTG
MB178,Q0,32793516023222272,40,8.808162,SCIAI3a+m14aTTG
MB178,Q0,32252589844201472,12,9.993761,SCIAI3a+m14aTTG
MB178,Q0,31185021482041344,1,12.69496,SCIAI3a+m14aTTG
MB178,Q0,30400302364495872,10,10.415043,SCIAI3a+m14aTTG
MB178,Q0,29249481119633408,85,7.209257,SCIAI3a+m14aTTG
MB179,Q0,34504231520178176,26,4.0229263,SCIAI3a+m14aTTG
MB179,Q0,34433209131339776,17,4.4958553,SCIAI3a+m14aTTG
MB179,Q0,34394450339831808,21,4.2688704,SCIAI3a+m14aTTG
MB179,Q0,33611113635516417,61,3.450144,SCIAI3a+m14aTTG
MB179,Q0,33569603439296512,23,4.1490803,SCIAI3a+m14aTTG
MB179,Q0,33355020221165568,77,3.356408,SCIAI3a+m14aTTG
MB179,Q0,32259223232446464,4,10.171856,SCIAI3a+m14aTTG
MB179,Q0,32255931714633729,3,10.171856,SCIAI3a+m14aTTG
MB179,Q0,32173519185911808,2,10.477818,SCIAI3a+m14aTTG
MB179,Q0,32060649240526849,24,4.129744,SCIAI3a+m14aTTG
MB179,Q0,29521654640025600,1,11.228504,SCIAI3a+m14aTTG
MB179,Q0,29488694423453696,60,3.450144,SCIAI3a+m14aTTG
MB180,Q0,34830762096197632,82,9.605125,SCIAI3a+m14aTTG
MB180,Q0,34294069995769856,4,11.290822,SCIAI3a+m14aTTG
MB180,Q0,33782285799141376,75,9.605125,SCIAI3a+m14aTTG
MB180,Q0,33298073128017920,92,9.605125,SCIAI3a+m14aTTG
MB180,Q0,33239464193040385,43,9.619577,SCIAI3a+m14aTTG
MB180,Q0,32772333961740289,61,9.611103,SCIAI3a+m14aTTG
MB180,Q0,32178491164205056,70,9.611103,SCIAI3a+m14aTTG
MB180,Q0,30869036988366848,63,9.611103,SCIAI3a+m14aTTG
MB180,Q0,30313775269683200,1,14.872458,SCIAI3a+m14aTTG
MB180,Q0,29530210848219136,1,18.987955,SCIAI3a+m14aTTG
MB181,Q0,309190128046329856,1,10.677519,SCIAI3a+m14aTTG
MB181,Q0,308910493811224576,11,10.570441,SCIAI3a+m14aTTG
MB181,Q0,306859919544549377,26,7.760818,SCIAI3a+m14aTTG
MB181,Q0,303014434849292288,7,10.670441,SCIAI3a+m14aTTG
MB181,Q0,302619151049031680,21,9.860574,SCIAI3a+m14aTTG
MB181,Q0,302150546620563456,8,10.670441,SCIAI3a+m14aTTG
MB181,Q0,302150454362648576,22,9.259175,SCIAI3a+m14aTTG
MB181,Q0,301789215732166658,37,7.666302,SCIAI3a+m14aTTG
MB181,Q0,301396121354387456,66,7.662763,SCIAI3a+m14aTTG
MB181,Q0,301183755379412992,49,7.6650553,SCIAI3a+m14aTTG
MB181,Q0,301073252221079554,16,9.870441,SCIAI3a+m14aTTG
MB181,Q0,300983141810728960,24,7.7627635,SCIAI3a+m14aTTG
MB182,Q0,35078242385788928,9,6.7898026,SCIAI3a+m14aTTG
MB182,Q0,34756613369765888,5,8.090814,SCIAI3a+m14aTTG
MB182,Q0,34401686990618624,1,9.0039,SCIAI3a+m14aTTG
MB182,Q0,34007348821368832,13,5.456785,SCIAI3a+m14aTTG
MB182,Q0,33866332655058944,64,4.767103,SCIAI3a+m14aTTG
MB182,Q0,32866737225469952,1,24.290209,SCIAI3a+m14aTTG
MB182,Q0,31841997782257664,17,5.45484,SCIAI3a+m14aTTG
MB182,Q0,31548433160470528,67,4.767103,SCIAI3a+m14aTTG
MB182,Q0,30907122640232449,3,8.106668,SCIAI3a+m14aTTG
MB182,Q0,30405312338993153,86,4.767103,SCIAI3a+m14aTTG
MB182,Q0,30100652021522432,57,4.767103,SCIAI3a+m14aTTG
MB182,Q0,30008888065527808,41,4.7693954,SCIAI3a+m14aTTG
MB182,Q0,29934982654857216,38,4.7693954,SCIAI3a+m14aTTG
MB182,Q0,29926715031556096,6,7.0957804,SCIAI3a+m14aTTG
MB182,Q0,29515895248261120,54,4.767103,SCIAI3a+m14aTTG
MB183,Q0,33141743910133760,93,5.9760323,SCIAI3a+m14aTTG
MB183,Q0,32659331816095744,60,6.4197717,SCIAI3a+m14aTTG
MB183,Q0,32067755393945601,53,6.4257493,SCIAI3a+m14aTTG
MB183,Q0,31442719763075073,32,6.6688056,SCIAI3a+m14aTTG
MB183,Q0,30075997537697792,1,7.4114504,SCIAI3a+m14aTTG
MB183,Q0,29454874403934208,28,6.7197714,SCIAI3a+m14aTTG
MB183,Q0,29247851406041088,52,6.4257493,SCIAI3a+m14aTTG
MB183,Q0,29215399321018368,6,7.1015825,SCIAI3a+m14aTTG
MB183,Q0,29197223988305921,3,7.7663946,SCIAI3a+m14aTTG
MB184,Q0,35067195310481408,37,6.249347,SCIAI3a+m14aTTG
MB184,Q0,34825580398514176,2,11.439749,SCIAI3a+m14aTTG
MB184,Q0,33576230628368385,77,5.9726954,SCIAI3a+m14aTTG
MB184,Q0,33275587548286976,25,7.8046765,SCIAI3a+m14aTTG
MB184,Q0,32971550604918784,82,5.9707503,SCIAI3a+m14aTTG
MB184,Q0,32784896296493056,22,7.8046765,SCIAI3a+m14aTTG
MB184,Q0,32517460452184064,57,5.974986,SCIAI3a+m14aTTG
MB184,Q0,31967780274176000,55,5.974986,SCIAI3a+m14aTTG
MB184,Q0,31518059994816513,13,7.9878345,SCIAI3a+m14aTTG
MB184,Q0,30870394982367232,30,6.6628604,SCIAI3a+m14aTTG
MB184,Q0,30674329775640576,14,7.9878345,SCIAI3a+m14aTTG
MB184,Q0,30124017121759232,48,5.974986,SCIAI3a+m14aTTG
MB184,Q0,30014717997092864,1,12.838609,SCIAI3a+m14aTTG
MB184,Q0,29690819627716608,24,7.8046765,SCIAI3a+m14aTTG
MB185,Q0,34952357850648577,49,4.0079074,SCIAI3a+m14aTTG
MB185,Q0,34313846298509312,2,9.389103,SCIAI3a+m14aTTG
MB185,Q0,34193256220721152,30,4.301445,SCIAI3a+m14aTTG
MB185,Q0,33303151910060033,25,4.729804,SCIAI3a+m14aTTG
MB185,Q0,32916148760616960,4,8.530795,SCIAI3a+m14aTTG
MB185,Q0,32174376086409216,8,8.233785,SCIAI3a+m14aTTG
MB185,Q0,32053682619023360,16,7.0709324,SCIAI3a+m14aTTG
MB185,Q0,30945938805620737,12,8.228126,SCIAI3a+m14aTTG
MB185,Q0,30770601773760513,2,8.538021,SCIAI3a+m14aTTG
MB185,Q0,30658358339964928,18,5.6354494,SCIAI3a+m14aTTG
MB185,Q0,29821989426307074,3,8.530795,SCIAI3a+m14aTTG
MB186,Q0,35056833232109568,1,8.031571,SCIAI3a+m14aTTG
MB186,Q0,34586871459749888,61,5.1571794,SCIAI3a+m14aTTG
MB186,Q0,33495365189632002,4,6.2430468,SCIAI3a+m14aTTG
MB186,Q0,33358094289342464,57,5.1571794,SCIAI3a+m14aTTG
MB186,Q0,32814595949203456,69,5.1552343,SCIAI3a+m14aTTG
MB186,Q0,32334507856109568,48,5.1571794,SCIAI3a+m14aTTG
MB186,Q0,32164858686341120,1,9.097827,SCIAI3a+m14aTTG
MB186,Q0,31302444101140480,12,5.166725,SCIAI3a+m14aTTG
MB186,Q0,30820400027926528,73,5.1552343,SCIAI3a+m14aTTG
MB186,Q0,29868501363597313,87,5.152245,SCIAI3a+m14aTTG
MB186,Q0,29698030840057856,76,5.1552343,SCIAI3a+m14aTTG
MB186,Q0,29623312644575232,2,6.247993,SCIAI3a+m14aTTG
MB187,Q0,34820400189800448,8,5.4835043,SCIAI3a+m14aTTG
MB187,Q0,34292488189513728,13,5.398609,SCIAI3a+m14aTTG
MB187,Q0,34241251742199808,3,7.4921756,SCIAI3a+m14aTTG
MB187,Q0,33914093333250048,14,5.342367,SCIAI3a+m14aTTG
MB187,Q0,33155298592038912,27,5.1785703,SCIAI3a+m14aTTG
MB187,Q0,31668817662840832,26,5.1835046,SCIAI3a+m14aTTG
MB187,Q0,30907292878635008,5,6.0510354,SCIAI3a+m14aTTG
MB187,Q0,30218014779510784,48,5.0374346,SCIAI3a+m14aTTG
MB187,Q0,29943588011909120,17,5.3374343,SCIAI3a+m14aTTG
MB187,Q0,29646130023235584,1,7.9366918,SCIAI3a+m14aTTG
MB187,Q0,29371511122960384,33,5.1031933,SCIAI3a+m14aTTG
MB187,Q0,29314226459774976,1,8.485328,SCIAI3a+m14aTTG
MB187,Q0,28982977643945985,21,5.3374343,SCIAI3a+m14aTTG
MB188,Q0,34892761928835072,13,7.490179,SCIAI3a+m14aTTG
MB188,Q0,34833832079269888,62,5.241216,SCIAI3a+m14aTTG
MB188,Q0,34621678612910080,14,7.490179,SCIAI3a+m14aTTG
MB188,Q0,32741455864791040,40,7.0303106,SCIAI3a+m14aTTG
MB188,Q0,32690819819376640,54,5.921608,SCIAI3a+m14aTTG
MB188,Q0,32621011018977282,1,9.69701,SCIAI3a+m14aTTG
MB188,Q0,32591556204564480,49,7.0193734,SCIAI3a+m14aTTG
MB188,Q0,32105971736125440,48,7.0193734,SCIAI3a+m14aTTG
MB188,Q0,30669758646984705,2,8.018257,SCIAI3a+m14aTTG
MB188,Q0,30654480475234304,12,7.494068,SCIAI3a+m14aTTG
MB188,Q0,29615699634683904,10,7.986625,SCIAI3a+m14aTTG
MB189,Q0,34633113741037569,57,4.026738,SCIAI3a+m14aTTG
MB189,Q0,34436194414632961,15,4.16886,SCIAI3a+m14aTTG
MB189,Q0,33511901585477633,9,4.4303694,SCIAI3a+m14aTTG
MB189,Q0,32259389121372160,3,4.558609,SCIAI3a+m14aTTG
MB189,Q0,32134062860668929,17,4.162882,SCIAI3a+m14aTTG
MB189,Q0,31862935252893696,77,3.8628821,SCIAI3a+m14aTTG
MB189,Q0,30550940801044480,2,4.8273787,SCIAI3a+m14aTTG
MB189,Q0,30382159965458432,18,4.162882,SCIAI3a+m14aTTG
MB189,Q0,30051114514653184,1,6.895643,SCIAI3a+m14aTTG
MB189,Q0,29941684917768192,44,4.026738,SCIAI3a+m14aTTG
MB190,Q0,33224433334222848,30,4.7404823,SCIAI3a+m14aTTG
MB190,Q0,33013027829710848,22,5.33679,SCIAI3a+m14aTTG
MB190,Q0,32935928653684736,7,5.9837313,SCIAI3a+m14aTTG
MB190,Q0,32429692472524800,71,3.7592342,SCIAI3a+m14aTTG
MB190,Q0,31795238993399808,2,6.655341,SCIAI3a+m14aTTG
MB190,Q0,30369540864999425,18,5.484177,SCIAI3a+m14aTTG
MB190,Q0,30125775625650177,21,5.3719864,SCIAI3a+m14aTTG
MB190,Q0,29775325529374720,19,5.4220133,SCIAI3a+m14aTTG
MB190,Q0,29322621585719296,24,5.1573586,SCIAI3a+m14aTTG
MB190,Q0,29068125483831296,6,5.987103,SCIAI3a+m14aTTG
MB191,Q0,34799810024316928,74,4.4859395,SCIAI3a+m14aTTG
MB191,Q0,34775352035254273,76,4.3803363,SCIAI3a+m14aTTG
MB191,Q0,33979644961095681,1,8.328127,SCIAI3a+m14aTTG
MB191,Q0,30873010663591936,10,4.967015,SCIAI3a+m14aTTG
MB191,Q0,29942448125902850,36,4.560833,SCIAI3a+m14aTTG
MB191,Q0,29637845069074432,3,8.028127,SCIAI3a+m14aTTG
MB191,Q0,29237650485415936,4,8.028127,SCIAI3a+m14aTTG
MB192,Q0,35025849648418816,57,5.9916654,SCIAI3a+m14aTTG
MB192,Q0,34700174525726720,3,8.184046,SCIAI3a+m14aTTG
MB192,Q0,34504464123568129,36,5.994654,SCIAI3a+m14aTTG
MB192,Q0,34067989229740034,6,6.786789,SCIAI3a+m14aTTG
MB192,Q0,34025881135616000,1,9.285029,SCIAI3a+m14aTTG
MB192,Q0,33891374382190593,42,5.9916654,SCIAI3a+m14aTTG
MB192,Q0,33871931182682113,41,5.9916654,SCIAI3a+m14aTTG
MB192,Q0,33804779893293056,43,5.9916654,SCIAI3a+m14aTTG
MB192,Q0,33714721353895936,15,6.0363183,SCIAI3a+m14aTTG
MB192,Q0,33196657889771520,2,9.006888,SCIAI3a+m14aTTG
MB192,Q0,32679737432219648,40,5.9916654,SCIAI3a+m14aTTG
MB192,Q0,32175470816534528,83,5.6965995,SCIAI3a+m14aTTG
MB192,Q0,32157513885417472,31,5.996599,SCIAI3a+m14aTTG
MB192,Q0,30252350539042817,21,5.996599,SCIAI3a+m14aTTG
MB192,Q0,30108299298873345,23,5.996599,SCIAI3a+m14aTTG
MB192,Q0,29763378842963968,77,5.6965995,SCIAI3a+m14aTTG
MB192,Q0,28970319251243008,38,5.994654,SCIAI3a+m14aTTG
MB193,Q0,34512225372741632,32,7.353493,SCIAI3a+m14aTTG
MB193,Q0,34021100438421505,84,2.619613,SCIAI3a+m14aTTG
MB193,Q0,33406780688048128,14,9.448735,SCIAI3a+m14aTTG
MB193,Q0,32211792469954560,41,7.0614204,SCIAI3a+m14aTTG
MB193,Q0,31397281366282241,3,11.794817,SCIAI3a+m14aTTG
MB193,Q0,31268073864433664,6,9.458603,SCIAI3a+m14aTTG
MB193,Q0,31107606760128512,34,7.2696424,SCIAI3a+m14aTTG
MB193,Q0,30751673592848384,65,3.000197,SCIAI3a+m14aTTG
MB193,Q0,30727508789821441,33,7.353493,SCIAI3a+m14aTTG
MB193,Q0,30180330535124992,9,9.448735,SCIAI3a+m14aTTG
MB193,Q0,30162177012801536,43,7.0584316,SCIAI3a+m14aTTG
MB193,Q0,29868650890526720,18,8.05431,SCIAI3a+m14aTTG
MB193,Q0,29659745715486720,40,7.0614204,SCIAI3a+m14aTTG
MB193,Q0,28972264049344512,1,11.816494,SCIAI3a+m14aTTG
MB193,Q0,28968569475698688,11,9.448735,SCIAI3a+m14aTTG
MB194,Q0,34935370978172928,67,6.6285434,SCIAI3a+m14aTTG
MB194,Q0,34799875107332096,47,8.230646,SCIAI3a+m14aTTG
MB194,Q0,34759982318616576,1,18.445572,SCIAI3a+m14aTTG
MB194,Q0,33246288501805056,9,9.684773,SCIAI3a+m14aTTG
MB194,Q0,32955007590465537,22,9.378796,SCIAI3a+m14aTTG
MB194,Q0,32802172508831744,14,9.670019,SCIAI3a+m14aTTG
MB194,Q0,32513608692793344,25,9.378796,SCIAI3a+m14aTTG
MB194,Q0,31414733919752192,51,7.711146,SCIAI3a+m14aTTG
MB194,Q0,31366514649071616,11,9.678796,SCIAI3a+m14aTTG
MB194,Q0,31088401121804288,39,8.978796,SCIAI3a+m14aTTG
MB194,Q0,29423061589565440,60,7.0012784,SCIAI3a+m14aTTG
MB195,Q0,34410754375557120,91,3.6643121,SCIAI3a+m14aTTG
MB195,Q0,34010877929717760,20,6.006825,SCIAI3a+m14aTTG
MB195,Q0,33531211867492352,66,5.7038355,SCIAI3a+m14aTTG
MB195,Q0,33490198813741057,8,6.6959834,SCIAI3a+m14aTTG
MB195,Q0,33463450462068736,19,6.006825,SCIAI3a+m14aTTG
MB195,Q0,32711163242352640,1,7.0011363,SCIAI3a+m14aTTG
MB195,Q0,32022841494867968,44,5.7087703,SCIAI3a+m14aTTG
MB195,Q0,31453336494415872,64,5.7038355,SCIAI3a+m14aTTG
MB195,Q0,31096566148235264,13,6.00877,SCIAI3a+m14aTTG
MB195,Q0,29632129746866176,77,4.620042,SCIAI3a+m14aTTG
MB195,Q0,29321679377268736,62,5.7038355,SCIAI3a+m14aTTG
MB195,Q0,29232253527662594,4,6.7009172,SCIAI3a+m14aTTG
MB196,Q0,32545861858754560,19,5.923881,SCIAI3a+m14aTTG
MB196,Q0,32528650976890880,61,5.489016,SCIAI3a+m14aTTG
MB196,Q0,30956833023729664,1,8.095584,SCIAI3a+m14aTTG
MB196,Q0,30516288761630720,36,5.565884,SCIAI3a+m14aTTG
MB196,Q0,29622973031776256,41,5.559905,SCIAI3a+m14aTTG
MB196,Q0,29280423494291457,20,5.8428283,SCIAI3a+m14aTTG
MB197,Q0,35022358741778433,37,3.379477,SCIAI3a+m14aTTG
MB197,Q0,34816803326660608,64,3.0862339,SCIAI3a+m14aTTG
MB197,Q0,33978902690922496,26,3.7393553,SCIAI3a+m14aTTG
MB197,Q0,32510362423132161,39,3.293998,SCIAI3a+m14aTTG
MB197,Q0,32360634528047104,1,5.363698,SCIAI3a+m14aTTG
MB197,Q0,31946866295840768,85,2.887475,SCIAI3a+m14aTTG
MB197,Q0,31526698298118146,14,4.74279,SCIAI3a+m14aTTG
MB197,Q0,30930196064378880,28,3.656553,SCIAI3a+m14aTTG
MB197,Q0,30248634364731393,30,3.569036,SCIAI3a+m14aTTG
MB198,Q0,34726996017676288,8,6.660085,SCIAI3a+m14aTTG
MB198,Q0,34223517549604864,5,6.9424224,SCIAI3a+m14aTTG
MB198,Q0,34133145754279936,2,7.0447583,SCIAI3a+m14aTTG
MB198,Q0,33306199365521408,32,6.245127,SCIAI3a+m14aTTG
MB198,Q0,32530726612115456,25,6.248115,SCIAI3a+m14aTTG
MB198,Q0,32258305346768896,9,6.660085,SCIAI3a+m14aTTG
MB198,Q0,31948143562063872,75,5.9451275,SCIAI3a+m14aTTG
MB198,Q0,31486855853641729,4,7.0377545,SCIAI3a+m14aTTG
MB198,Q0,31257180158042112,27,6.245127,SCIAI3a+m14aTTG
MB198,Q0,31225592078663680,7,6.660085,SCIAI3a+m14aTTG
MB198,Q0,30742584427024385,1,7.9567304,SCIAI3a+m14aTTG
MB198,Q0,29208372188291072,6,6.937488,SCIAI3a+m14aTTG
MB199,Q0,34867764917178369,45,5.5535483,SCIAI3a+m14aTTG
MB199,Q0,34661859067957248,46,5.5535483,SCIAI3a+m14aTTG
MB199,Q0,34280705819148288,3,6.6500597,SCIAI3a+m14aTTG
MB199,Q0,34088760891146240,8,6.245127,SCIAI3a+m14aTTG
MB199,Q0,33995033409486848,48,5.5535483,SCIAI3a+m14aTTG
MB199,Q0,33967754214113280,6,6.645127,SCIAI3a+m14aTTG
MB199,Q0,33262456692277248,2,8.944247,SCIAI3a+m14aTTG
MB199,Q0,32578937028608001,29,5.558482,SCIAI3a+m14aTTG
MB199,Q0,32279264434847744,60,5.2607746,SCIAI3a+m14aTTG
MB199,Q0,32215254192619520,52,5.5535483,SCIAI3a+m14aTTG
MB199,Q0,32100381450309632,57,5.5243096,SCIAI3a+m14aTTG
MB199,Q0,31918996714422272,23,5.558482,SCIAI3a+m14aTTG
MB199,Q0,31807334602772481,39,5.556537,SCIAI3a+m14aTTG
MB199,Q0,31383400283635712,14,5.5607743,SCIAI3a+m14aTTG
MB199,Q0,30620003409596417,1,8.958698,SCIAI3a+m14aTTG
MB199,Q0,30212944595779584,68,5.2565374,SCIAI3a+m14aTTG
MB200,Q0,34990142892679168,7,6.188229,SCIAI3a+m14aTTG
MB200,Q0,34683548371779584,22,5.429957,SCIAI3a+m14aTTG
MB200,Q0,33727875660128257,17,5.519856,SCIAI3a+m14aTTG
MB200,Q0,33005782542852096,2,7.726923,SCIAI3a+m14aTTG
MB200,Q0,31999782859837440,5,6.9117823,SCIAI3a+m14aTTG
MB200,Q0,31930979320856576,1,9.701943,SCIAI3a+m14aTTG
MB200,Q0,30248872144011265,6,6.448774,SCIAI3a+m14aTTG
MB200,Q0,29606878090625024,1,15.030904,SCIAI3a+m14aTTG
MB201,Q0,35009036013277184,32,6.5907774,SCIAI3a+m14aTTG
MB201,Q0,34384550779953152,46,6.580905,SCIAI3a+m14aTTG
MB201,Q0,34307860376588288,75,6.2858434,SCIAI3a+m14aTTG
MB201,Q0,34076617009528832,41,6.585843,SCIAI3a+m14aTTG
MB201,Q0,33978169765662720,12,8.004813,SCIAI3a+m14aTTG
MB201,Q0,32971888019898370,56,6.2888327,SCIAI3a+m14aTTG
MB201,Q0,32932971350593536,96,5.1147976,SCIAI3a+m14aTTG
MB201,Q0,32589680989962240,3,9.029725,SCIAI3a+m14aTTG
MB201,Q0,32514130514542592,1,23.61777,SCIAI3a+m14aTTG
MB201,Q0,32307374471520256,26,6.5907774,SCIAI3a+m14aTTG
MB201,Q0,32131040927551488,5,8.337255,SCIAI3a+m14aTTG
MB201,Q0,31338262580690944,38,6.585843,SCIAI3a+m14aTTG
MB201,Q0,31180932421517313,1,16.420113,SCIAI3a+m14aTTG
MB201,Q0,31024504629108737,2,10.597185,SCIAI3a+m14aTTG
MB201,Q0,30977276669591552,21,6.594316,SCIAI3a+m14aTTG
MB201,Q0,30673675124482048,18,7.7078023,SCIAI3a+m14aTTG
MB201,Q0,30526204763181056,19,7.7048135,SCIAI3a+m14aTTG
MB201,Q0,30463044584738816,22,6.593069,SCIAI3a+m14aTTG
MB201,Q0,30167169698369536,23,6.5907774,SCIAI3a+m14aTTG
MB201,Q0,30060052647772160,14,7.905435,SCIAI3a+m14aTTG
MB201,Q0,29783859436453888,65,6.2858434,SCIAI3a+m14aTTG
MB201,Q0,29037232169951232,33,6.5888324,SCIAI3a+m14aTTG
MB202,Q0,35116677532229632,12,6.1736493,SCIAI3a+m14aTTG
MB202,Q0,34241530134798336,40,5.487121,SCIAI3a+m14aTTG
MB202,Q0,33746066356572162,56,5.485176,SCIAI3a+m14aTTG
MB202,Q0,33128003307307008,1,18.04764,SCIAI3a+m14aTTG
MB202,Q0,32936866755903488,97,5.1871214,SCIAI3a+m14aTTG
MB202,Q0,32641633212178432,6,6.188167,SCIAI3a+m14aTTG
MB202,Q0,31893019661705218,84,5.456785,SCIAI3a+m14aTTG
MB202,Q0,31035124585857024,15,5.5513277,SCIAI3a+m14aTTG
MB202,Q0,31030509488308224,9,6.1736493,SCIAI3a+m14aTTG
MB202,Q0,30112360853143553,35,5.487121,SCIAI3a+m14aTTG
MB203,Q0,34134969282461696,16,7.059507,SCIAI3a+m14aTTG
MB203,Q0,32667951018545152,56,6.092589,SCIAI3a+m14aTTG
MB203,Q0,32432257314586624,1,10.439793,SCIAI3a+m14aTTG
MB203,Q0,32105160364789761,9,7.327042,SCIAI3a+m14aTTG
MB203,Q0,31072009869852672,44,6.3886986,SCIAI3a+m14aTTG
MB203,Q0,30591981784666112,22,6.6654854,SCIAI3a+m14aTTG
MB203,Q0,29373393593704449,2,7.7270417,SCIAI3a+m14aTTG
MB204,Q0,34856162260156416,11,8.388342,SCIAI3a+m14aTTG
MB204,Q0,34681439890968576,1,12.018544,SCIAI3a+m14aTTG
MB204,Q0,34114569295106048,34,6.237356,SCIAI3a+m14aTTG
MB204,Q0,33987013942185984,75,5.5811872,SCIAI3a+m14aTTG
MB204,Q0,33611084246159360,18,7.814511,SCIAI3a+m14aTTG
MB204,Q0,33140023633121280,3,10.9525175,SCIAI3a+m14aTTG
MB204,Q0,32820347711520768,4,10.950583,SCIAI3a+m14aTTG
MB204,Q0,32678669495312384,6,10.94265,SCIAI3a+m14aTTG
MB204,Q0,32485543740706817,23,7.800099,SCIAI3a+m14aTTG
MB204,Q0,32205311376891904,24,7.800099,SCIAI3a+m14aTTG
MB204,Q0,31087213164892161,8,8.39821,SCIAI3a+m14aTTG
MB204,Q0,30709836341575680,42,5.5954103,SCIAI3a+m14aTTG
MB204,Q0,29713049996754944,7,9.058234,SCIAI3a+m14aTTG
MB204,Q0,29026074125934592,27,7.3086987,SCIAI3a+m14aTTG
MB205,Q0,34734130381979648,16,6.1281986,SCIAI3a+m14aTTG
MB205,Q0,34001494332149760,7,6.490366,SCIAI3a+m14aTTG
MB205,Q0,33143483011178496,76,5.5166965,SCIAI3a+m14aTTG
MB205,Q0,32951064831459328,9,6.4594502,SCIAI3a+m14aTTG
MB205,Q0,32188729124724736,53,5.80974,SCIAI3a+m14aTTG
MB205,Q0,32181779490148352,54,5.80974,SCIAI3a+m14aTTG
MB205,Q0,31073993943416832,1,9.037048,SCIAI3a+m14aTTG
MB205,Q0,30987291828686849,24,5.979886,SCIAI3a+m14aTTG
MB205,Q0,30901342335672322,19,6.0719604,SCIAI3a+m14aTTG
MB205,Q0,30790283071328256,8,6.490366,SCIAI3a+m14aTTG
MB205,Q0,30407266670739456,2,7.74305,SCIAI3a+m14aTTG
MB206,Q0,35095379464691712,34,5.427347,SCIAI3a+m14aTTG
MB206,Q0,34335471739871232,4,6.213771,SCIAI3a+m14aTTG
MB206,Q0,33508187604779009,22,5.427347,SCIAI3a+m14aTTG
MB206,Q0,32076113400299521,40,5.425402,SCIAI3a+m14aTTG
MB206,Q0,32028540870336512,37,5.425402,SCIAI3a+m14aTTG
MB206,Q0,31781883943583744,2,8.7845335,SCIAI3a+m14aTTG
MB206,Q0,31245628260487168,84,5.1273475,SCIAI3a+m14aTTG
MB206,Q0,30762893079216129,43,5.425402,SCIAI3a+m14aTTG
MB206,Q0,29972770028781568,52,5.4224133,SCIAI3a+m14aTTG
MB207,Q0,34775323308462080,42,6.651731,SCIAI3a+m14aTTG
MB207,Q0,34016484476850177,32,6.9937234,SCIAI3a+m14aTTG
MB207,Q0,33998090734149633,1,9.294128,SCIAI3a+m14aTTG
MB207,Q0,33406900590616576,43,6.4955873,SCIAI3a+m14aTTG
MB207,Q0,32838101474738176,57,5.978765,SCIAI3a+m14aTTG
MB207,Q0,31883961680531456,18,7.697094,SCIAI3a+m14aTTG
MB207,Q0,31874821058990080,11,8.807071,SCIAI3a+m14aTTG
MB207,Q0,31481377484447744,78,5.974875,SCIAI3a+m14aTTG
MB207,Q0,31114692978016256,38,6.6854286,SCIAI3a+m14aTTG
MB207,Q0,31028171029618688,4,9.279326,SCIAI3a+m14aTTG
MB207,Q0,30930868176429056,34,6.9854283,SCIAI3a+m14aTTG
MB207,Q0,29489524421689344,14,8.498056,SCIAI3a+m14aTTG
MB208,Q0,34951506876698624,24,5.702049,SCIAI3a+m14aTTG
MB208,Q0,33669229148377088,1,13.802657,SCIAI3a+m14aTTG
MB208,Q0,33593462595125248,9,7.6044173,SCIAI3a+m14aTTG
MB208,Q0,32534469835493376,3,8.040936,SCIAI3a+m14aTTG
MB208,Q0,32500986257874944,10,7.599483,SCIAI3a+m14aTTG
MB208,Q0,31729658923843584,69,4.712926,SCIAI3a+m14aTTG
MB208,Q0,31638716996911104,53,4.913219,SCIAI3a+m14aTTG
MB208,Q0,30654037602865154,20,6.160234,SCIAI3a+m14aTTG
MB208,Q0,29904270325194752,1,8.292427,SCIAI3a+m14aTTG
MB208,Q0,29716381763112961,67,4.712926,SCIAI3a+m14aTTG
MB208,Q0,29013216654794752,21,5.855114,SCIAI3a+m14aTTG
MB208,Q0,28991360497352704,81,4.612926,SCIAI3a+m14aTTG
MB209,Q0,35058856958627840,1,9.910222,SCIAI3a+m14aTTG
MB209,Q0,34756328362754048,10,6.1187053,SCIAI3a+m14aTTG
MB209,Q0,34557384890253312,16,6.1088333,SCIAI3a+m14aTTG
MB209,Q0,33752685786316800,13,6.1167603,SCIAI3a+m14aTTG
MB209,Q0,33726503195770880,62,4.6710477,SCIAI3a+m14aTTG
MB209,Q0,33536645168898048,32,5.8187056,SCIAI3a+m14aTTG
MB209,Q0,32559383955111936,71,4.363822,SCIAI3a+m14aTTG
MB209,Q0,32178291657940992,2,7.2010837,SCIAI3a+m14aTTG
MB209,Q0,32077293681639424,27,5.8187056,SCIAI3a+m14aTTG
MB209,Q0,31747495486824449,7,6.1187053,SCIAI3a+m14aTTG
MB209,Q0,31098195786334208,58,5.8088336,SCIAI3a+m14aTTG
MB209,Q0,30901527111536641,82,4.263822,SCIAI3a+m14aTTG
MB209,Q0,30860698678464512,43,5.8137712,SCIAI3a+m14aTTG
MB209,Q0,30793686350569473,30,5.8187056,SCIAI3a+m14aTTG
MB209,Q0,30536204508209152,67,4.6638217,SCIAI3a+m14aTTG
MB209,Q0,30317452487299073,54,5.8137712,SCIAI3a+m14aTTG
MB209,Q0,30056395655086081,5,6.1187053,SCIAI3a+m14aTTG
MB209,Q0,29784045533532160,1,8.796112,SCIAI3a+m14aTTG
MB210,Q0,34953889212014593,11,5.676914,SCIAI3a+m14aTTG
MB210,Q0,34789056520916992,5,6.534509,SCIAI3a+m14aTTG
MB210,Q0,34265071081226240,13,5.5164742,SCIAI3a+m14aTTG
MB210,Q0,33946401821954049,43,4.9327674,SCIAI3a+m14aTTG
MB210,Q0,33625187911991296,1,7.852011,SCIAI3a+m14aTTG
MB210,Q0,32148383439257600,50,4.7141347,SCIAI3a+m14aTTG
MB210,Q0,31922474652270592,9,5.7822943,SCIAI3a+m14aTTG
MB210,Q0,31124739007193088,68,4.641176,SCIAI3a+m14aTTG
MB210,Q0,31073226159296512,1,6.7182956,SCIAI3a+m14aTTG
MB210,Q0,30885906290319360,38,5.007396,SCIAI3a+m14aTTG
MB210,Q0,30094072408449024,2,6.6540794,SCIAI3a+m14aTTG
MB210,Q0,29909550341554176,16,5.365228,SCIAI3a+m14aTTG
MB211,Q0,35046980317093888,73,5.9707184,SCIAI3a+m14aTTG
MB211,Q0,34987143096967169,74,5.957804,SCIAI3a+m14aTTG
MB211,Q0,34260184129863680,13,12.120248,SCIAI3a+m14aTTG
MB211,Q0,33795505372794881,1,14.0818,SCIAI3a+m14aTTG
MB211,Q0,33240077228310528,70,5.974089,SCIAI3a+m14aTTG
MB211,Q0,32955843443953664,43,11.810379,SCIAI3a+m14aTTG
MB211,Q0,32480436030545920,41,11.813751,SCIAI3a+m14aTTG
MB211,Q0,32295511801204736,48,11.810379,SCIAI3a+m14aTTG
MB211,Q0,32251488910704642,12,12.121118,SCIAI3a+m14aTTG
MB211,Q0,32231530612924416,14,12.120248,SCIAI3a+m14aTTG
MB211,Q0,32209777819910144,15,12.120248,SCIAI3a+m14aTTG
MB211,Q0,30016669883568128,4,13.892402,SCIAI3a+m14aTTG
MB211,Q0,29566133459746816,46,11.810379,SCIAI3a+m14aTTG
MB211,Q0,29261419316776960,40,11.816359,SCIAI3a+m14aTTG
MB212,Q0,34745041075306496,45,10.098701,SCIAI3a+m14aTTG
MB212,Q0,34177556664029184,46,9.707313,SCIAI3a+m14aTTG
MB212,Q0,30700854419918848,4,12.666983,SCIAI3a+m14aTTG
MB212,Q0,30677214081060865,13,12.287598,SCIAI3a+m14aTTG
MB212,Q0,29668707512885248,1,13.749404,SCIAI3a+m14aTTG
MB213,Q0,33595815960391680,25,5.9058504,SCIAI3a+m14aTTG
MB213,Q0,33557846805188609,1,10.753612,SCIAI3a+m14aTTG
MB213,Q0,32429455259475968,1,10.407318,SCIAI3a+m14aTTG
MB213,Q0,31826421026398208,30,5.7842436,SCIAI3a+m14aTTG
MB213,Q0,31154547934105601,33,5.746316,SCIAI3a+m14aTTG
MB213,Q0,30906776509480960,51,5.306187,SCIAI3a+m14aTTG
MB213,Q0,30901332281921536,31,5.7493052,SCIAI3a+m14aTTG
MB213,Q0,30009299660967936,10,8.043996,SCIAI3a+m14aTTG
MB213,Q0,28970330303238144,12,7.5043173,SCIAI3a+m14aTTG
MB214,Q0,33219885068713985,1,6.2040935,SCIAI3a+m14aTTG
MB214,Q0,32417258475102210,84,3.8101861,SCIAI3a+m14aTTG
MB214,Q0,32240614317756416,13,5.1088915,SCIAI3a+m14aTTG
MB214,Q0,31251381323046912,77,3.8121312,SCIAI3a+m14aTTG
MB214,Q0,31067368511770624,68,3.848262,SCIAI3a+m14aTTG
MB214,Q0,31026212587438080,49,3.9217057,SCIAI3a+m14aTTG
MB214,Q0,30104408926724096,3,6.0761266,SCIAI3a+m14aTTG
MB214,Q0,29990010451132416,47,3.943324,SCIAI3a+m14aTTG
MB214,Q0,29963770700767232,4,6.321502,SCIAI3a+m14aTTG
MB214,Q0,29250970751864832,14,4.6509466,SCIAI3a+m14aTTG
MB214,Q0,29213910817046529,59,3.918717,SCIAI3a+m14aTTG
MB215,Q0,34931895087271936,60,6.769338,SCIAI3a+m14aTTG
MB215,Q0,32936783322808321,79,6.4693384,SCIAI3a+m14aTTG
MB215,Q0,32848486676303873,78,6.4693384,SCIAI3a+m14aTTG
MB215,Q0,32719531856101376,1,8.458773,SCIAI3a+m14aTTG
MB215,Q0,32434617436872704,6,7.466821,SCIAI3a+m14aTTG
MB216,Q0,34163566483341312,7,9.137265,SCIAI3a+m14aTTG
MB216,Q0,30248461693620224,30,7.478988,SCIAI3a+m14aTTG
MB216,Q0,29961903467929600,15,8.82191,SCIAI3a+m14aTTG
MB216,Q0,29697336691138560,28,7.497803,SCIAI3a+m14aTTG
MB216,Q0,29061282644623361,1,9.90675,SCIAI3a+m14aTTG
MB217,Q0,35096626456432640,1,17.605015,SCIAI3a+m14aTTG
MB217,Q0,33884834774388736,21,7.2800775,SCIAI3a+m14aTTG
MB217,Q0,33340293537468416,16,9.644834,SCIAI3a+m14aTTG
MB217,Q0,31121217582800896,49,6.3784614,SCIAI3a+m14aTTG
MB217,Q0,31007038729359360,87,5.792264,SCIAI3a+m14aTTG
MB217,Q0,30479152884744193,18,8.368574,SCIAI3a+m14aTTG
MB217,Q0,29810316913152000,1,12.315894,SCIAI3a+m14aTTG
MB217,Q0,29700083180113920,14,9.944834,SCIAI3a+m14aTTG
MB217,Q0,29571112371232769,91,5.790319,SCIAI3a+m14aTTG
MB217,Q0,29290765913948160,28,6.6382847,SCIAI3a+m14aTTG
MB218,Q0,34827640363954176,8,7.965569,SCIAI3a+m14aTTG
MB218,Q0,33646369562558464,1,8.655623,SCIAI3a+m14aTTG
MB218,Q0,32997218688438272,18,4.3475623,SCIAI3a+m14aTTG
MB218,Q0,32406951061094401,1,8.655623,SCIAI3a+m14aTTG
MB218,Q0,31863165092364288,48,4.0445733,SCIAI3a+m14aTTG
MB218,Q0,31663282842501120,9,4.74653,SCIAI3a+m14aTTG
MB218,Q0,30364616714354688,3,8.267514,SCIAI3a+m14aTTG
MB218,Q0,29369165764628480,76,3.670349,SCIAI3a+m14aTTG
MB219,Q0,35084416376258560,3,8.456699,SCIAI3a+m14aTTG
MB219,Q0,34648497424695296,65,4.912116,SCIAI3a+m14aTTG
MB219,Q0,34276389884530688,57,4.912116,SCIAI3a+m14aTTG
MB219,Q0,33894949183291392,4,8.163925,SCIAI3a+m14aTTG
MB219,Q0,33765852482371584,32,4.914408,SCIAI3a+m14aTTG
MB219,Q0,33563079149096960,45,4.914408,SCIAI3a+m14aTTG
MB219,Q0,33147342534217728,24,4.915656,SCIAI3a+m14aTTG
MB219,Q0,32942192347582464,14,4.9584746,SCIAI3a+m14aTTG
MB219,Q0,32803387284135936,1,8.463925,SCIAI3a+m14aTTG
MB219,Q0,32496640896016384,1,8.459689,SCIAI3a+m14aTTG
MB219,Q0,30605044290158592,8,5.9973326,SCIAI3a+m14aTTG
MB219,Q0,30091912119586817,51,4.912116,SCIAI3a+m14aTTG
MB219,Q0,30037529931554816,6,8.156699,SCIAI3a+m14aTTG
MB219,Q0,29185841880375297,36,4.914408,SCIAI3a+m14aTTG
MB220,Q0,34585344636616705,3,7.6212482,SCIAI3a+m14aTTG
MB220,Q0,34234308377972736,2,7.61138,SCIAI3a+m14aTTG
MB220,Q0,33973662088433664,44,5.572525,SCIAI3a+m14aTTG
MB220,Q0,32780549030416387,48,5.5702333,SCIAI3a+m14aTTG
MB220,Q0,32708282590167040,94,5.5603623,SCIAI3a+m14aTTG
MB220,Q0,32050439100829696,66,5.5682893,SCIAI3a+m14aTTG
MB220,Q0,31463272091754496,15,6.2598853,SCIAI3a+m14aTTG
MB220,Q0,30366252312563712,59,5.5702333,SCIAI3a+m14aTTG
MB220,Q0,29524145263869953,64,5.5682893,SCIAI3a+m14aTTG
MB221,Q0,34797975330881537,13,7.8333955,SCIAI3a+m14aTTG
MB221,Q0,34626605649231873,61,5.36003,SCIAI3a+m14aTTG
MB221,Q0,34230612285984769,29,6.860112,SCIAI3a+m14aTTG
MB221,Q0,33864094729641984,66,5.2498293,SCIAI3a+m14aTTG
MB221,Q0,33850040585822208,3,8.149249,SCIAI3a+m14aTTG
MB221,Q0,33715219343609856,1,8.153138,SCIAI3a+m14aTTG
MB221,Q0,33374293609938944,6,8.149249,SCIAI3a+m14aTTG
MB221,Q0,33215574045630464,2,8.153138,SCIAI3a+m14aTTG
MB221,Q0,32288671726051328,8,8.064945,SCIAI3a+m14aTTG
MB221,Q0,31727722665353219,4,8.149249,SCIAI3a+m14aTTG
MB221,Q0,31175031123877889,15,7.537957,SCIAI3a+m14aTTG
MB221,Q0,30947940730146817,44,6.6387997,SCIAI3a+m14aTTG
MB221,Q0,30468875782983680,5,8.149249,SCIAI3a+m14aTTG
MB221,Q0,30436866863931392,51,6.5502434,SCIAI3a+m14aTTG
MB221,Q0,29229513959280640,2,8.153138,SCIAI3a+m14aTTG
MB222,Q0,32857329024114689,31,1.67456,SCIAI3a+m14aTTG
MB222,Q0,32347858820665344,1,2.379497,SCIAI3a+m14aTTG
MB222,Q0,30565537171906561,4,1.9794968,SCIAI3a+m14aTTG
MB222,Q0,29849041210712065,52,1.6314269,SCIAI3a+m14aTTG
MB223,Q0,34356973113704448,23,7.509438,SCIAI3a+m14aTTG
MB223,Q0,34263948098277376,1,9.216329,SCIAI3a+m14aTTG
MB223,Q0,33751832249499648,42,6.531285,SCIAI3a+m14aTTG
MB223,Q0,33296574704660480,45,6.5253057,SCIAI3a+m14aTTG
MB223,Q0,33231996419309568,3,8.24943,SCIAI3a+m14aTTG
MB223,Q0,32616730618494976,64,5.5114,SCIAI3a+m14aTTG
MB223,Q0,31763591132618752,38,6.9094543,SCIAI3a+m14aTTG
MB223,Q0,31197373740883968,33,6.9193306,SCIAI3a+m14aTTG
MB223,Q0,30505354072694784,55,5.8956723,SCIAI3a+m14aTTG
MB223,Q0,30348977673076736,2,8.540445,SCIAI3a+m14aTTG
MB223,Q0,29638484541046784,19,7.540462,SCIAI3a+m14aTTG
MB224,Q0,34902953013805056,13,4.3902884,SCIAI3a+m14aTTG
MB224,Q0,33376992699088896,4,5.785535,SCIAI3a+m14aTTG
MB224,Q0,33288785928130560,94,3.798355,SCIAI3a+m14aTTG
MB224,Q0,32369581901221888,1,5.485535,SCIAI3a+m14aTTG
MB224,Q0,31158492505055232,47,4.1071267,SCIAI3a+m14aTTG
MB224,Q0,29385809941499904,14,4.3897815,SCIAI3a+m14aTTG
MB224,Q0,29317522863951873,8,4.7996492,SCIAI3a+m14aTTG
MB224,Q0,29169107605651456,9,4.508935,SCIAI3a+m14aTTG
MB225,Q0,33576243039309824,42,8.683631,SCIAI3a+m14aTTG
MB225,Q0,33385468728971264,1,11.085969,SCIAI3a+m14aTTG
MB225,Q0,32711208196898816,93,5.2141223,SCIAI3a+m14aTTG
MB225,Q0,31938715286913024,38,8.683631,SCIAI3a+m14aTTG
MB225,Q0,31220120504238080,1,10.418884,SCIAI3a+m14aTTG
MB225,Q0,30351015916077056,64,8.591065,SCIAI3a+m14aTTG
